{
  "xgb": {
    "mae": 0.2929684173139124,
    "rmse": 0.6879265185360208,
    "r2": 0.9470261314106803
  },
  "lgb": {
    "mae": 0.2977217664204816,
    "rmse": 0.7024728991841209,
    "r2": 0.9447621538778738
  },
  "config": {
    "train_seasons": [
      "2019-20",
      "2020-21",
      "2021-22",
      "2022-23",
      "2023-24"
    ],
    "val_season": "2024-25",
    "test_season": "2025-26"
  }
}